expl_RSS,h2_RSS,unexpl_RSS
1,0,4.53978687024344e-05,1
2,0.458547508946579,0.458572089735676,1
3,0.458547508946579,0.458572089735676,1
4,0,4.53978687024344e-05,1
