expl_RSS,h2_RSS,unexpl_RSS
1,0,4.53978687024344e-05,1
2,0.230326562656449,0.230361504190101,1
3,0.230326562656449,0.230361504190101,1
4,0,4.53978687024344e-05,1
