expl_RSS,h2_RSS,unexpl_RSS
0,4.53978687024344e-05,1
0.451462919473773,0.451487821888133,1
0.451462919473773,0.451487821888133,1
0,4.53978687024344e-05,1
