expl_RSS,h2_RSS,unexpl_RSS
0,4.53978687024344e-05,1
0.201364352089226,0.201400608445511,1
0.201364352089226,0.201400608445511,1
0,4.53978687024344e-05,1
